relative_position,synthetic_truth,consensus_mean,consensus_std,read_depth
0.000000000000000000e+00,2.734021292906571788e-07,-1.852111157505301545e-02,3.216617084543511862e-02,1.600000000000000000e+01
1.587301587301587213e-02,5.974187202002565616e-02,7.713008393842894772e-02,3.666654731554030988e-02,1.600000000000000000e+01
3.174603174603174427e-02,1.188922668793221671e-01,1.472719225665464760e-01,2.262062249419765497e-02,1.600000000000000000e+01
4.761904761904761640e-02,1.768697672310586277e-01,1.643044716204369315e-01,2.107434350034191953e-02,1.600000000000000000e+01
6.349206349206348854e-02,2.331168965902998824e-01,1.644278567980267669e-01,2.176679467775892440e-02,1.600000000000000000e+01
7.936507936507936067e-02,2.871264601554174845e-01,2.261727662300010711e-01,2.655322435472710907e-02,1.600000000000000000e+01
9.523809523809523281e-02,3.384919939416078383e-01,3.194402819790563841e-01,2.811209987143552941e-02,1.600000000000000000e+01
1.111111111111111049e-01,3.869997870679675600e-01,3.994083520538009302e-01,2.754239359127251194e-02,1.600000000000000000e+01
1.269841269841269771e-01,4.327766607848571034e-01,4.129156822158743800e-01,2.780133237204829993e-02,1.600000000000000000e+01
1.428571428571428492e-01,4.764843611843480042e-01,4.795324917714615665e-01,2.927257247584392694e-02,1.600000000000000000e+01
1.587301587301587213e-01,5.194967424615957174e-01,4.928466847935506490e-01,3.051385869263464196e-02,1.600000000000000000e+01
1.746031746031745935e-01,5.639172036437737345e-01,5.712385209060312219e-01,3.426256289499448465e-02,1.600000000000000000e+01
1.904761904761904656e-01,6.122365355273448051e-01,6.400142868856979472e-01,4.297707543369429922e-02,1.600000000000000000e+01
2.063492063492063378e-01,6.664776503499529881e-01,7.178615157940506641e-01,3.166979453886246271e-02,1.600000000000000000e+01
2.222222222222222099e-01,7.268931139041732159e-01,7.379251387565822773e-01,3.238608681596295835e-02,1.600000000000000000e+01
2.380952380952380820e-01,7.906406097472983285e-01,8.229785457604626986e-01,2.835314062904165100e-02,1.600000000000000000e+01
2.539682539682539542e-01,8.511648307188482976e-01,8.875166111471669561e-01,2.280026841699040255e-02,1.600000000000000000e+01
2.698412698412698263e-01,8.989754270024816751e-01,8.755943995415519376e-01,2.136330746631042582e-02,1.600000000000000000e+01
2.857142857142856984e-01,9.239721016451341029e-01,8.672921166464843123e-01,3.347333818600196909e-02,1.600000000000000000e+01
3.015873015873015706e-01,9.186186482222375993e-01,9.319589867442742426e-01,2.980512967152551540e-02,1.600000000000000000e+01
3.174603174603174427e-01,8.806221904561044589e-01,8.755588722538903967e-01,2.570313726115271494e-02,1.600000000000000000e+01
3.333333333333333148e-01,8.138335524377401375e-01,7.948997814942299067e-01,2.817567672578528276e-02,1.600000000000000000e+01
3.492063492063491870e-01,7.269161156881850383e-01,7.225714306590717007e-01,3.290551751453427154e-02,1.600000000000000000e+01
3.650793650793650591e-01,6.304469023089849244e-01,6.343950037958639987e-01,3.778995703854819144e-02,1.600000000000000000e+01
3.809523809523809312e-01,5.338141757232546247e-01,5.271894405602426392e-01,3.712410860830003129e-02,1.600000000000000000e+01
3.968253968253968034e-01,4.431705910251821368e-01,4.347682069448624009e-01,3.435490549901340507e-02,1.600000000000000000e+01
4.126984126984126755e-01,3.609673906951408884e-01,3.550587546541861816e-01,3.623388564150987340e-02,1.600000000000000000e+01
4.285714285714285476e-01,2.867741297935771927e-01,3.394234036796874854e-01,3.334032355797632990e-02,1.600000000000000000e+01
4.444444444444444198e-01,2.186476104455408465e-01,2.378056587102370945e-01,3.072047513278791664e-02,1.600000000000000000e+01
4.603174603174602919e-01,1.543638608009372248e-01,1.468805974775063139e-01,3.605553311660573274e-02,1.600000000000000000e+01
4.761904761904761640e-01,9.216395504287863694e-02,7.176647595122401246e-02,3.117890825793022055e-02,1.600000000000000000e+01
4.920634920634920362e-01,3.100609130974346303e-02,7.428954854280349351e-03,2.656391869454209631e-02,1.600000000000000000e+01
5.079365079365079083e-01,-2.950106275839645825e-02,-1.163115441625682187e-02,2.576864878348278029e-02,1.600000000000000000e+01
5.238095238095237249e-01,-8.929140919845546254e-02,-8.838477761482373130e-02,3.377106838602723232e-02,1.600000000000000000e+01
5.396825396825396526e-01,-1.480400926783999316e-01,-1.505464720116765076e-01,2.653542303164570237e-02,1.600000000000000000e+01
5.555555555555555802e-01,-2.053358027165850808e-01,-1.662975582795193918e-01,3.024318758965830606e-02,1.600000000000000000e+01
5.714285714285713969e-01,-2.608700575682555423e-01,-2.255044091170065046e-01,2.598143908437853394e-02,1.600000000000000000e+01
5.873015873015872135e-01,-3.147380595715509322e-01,-3.017256253385484643e-01,2.460044402469844030e-02,1.600000000000000000e+01
6.031746031746031411e-01,-3.679247991917231619e-01,-3.488587942666340758e-01,1.970455415188872988e-02,1.600000000000000000e+01
6.190476190476190688e-01,-4.228429544521616346e-01,-4.298983829644646981e-01,3.595126670331677543e-02,1.600000000000000000e+01
6.349206349206348854e-01,-4.833426432724383104e-01,-5.000569150714102573e-01,3.260400161368277178e-02,1.600000000000000000e+01
6.507936507936507020e-01,-5.532542286136555854e-01,-5.818837361091819815e-01,3.403636660104644024e-02,1.600000000000000000e+01
6.666666666666666297e-01,-6.330624341369173180e-01,-6.712760380950648642e-01,2.974231265894035012e-02,1.600000000000000000e+01
6.825396825396825573e-01,-7.162018032668580059e-01,-6.883410641895052473e-01,2.841502672755750677e-02,1.600000000000000000e+01
6.984126984126983739e-01,-7.884015498810891254e-01,-7.418375088949850094e-01,3.101620315733430444e-02,1.600000000000000000e+01
7.142857142857141906e-01,-8.326994263711624544e-01,-8.218537478971298382e-01,2.682907818033153022e-02,1.600000000000000000e+01
7.301587301587301182e-01,-8.382786185438984017e-01,-8.542265425579658178e-01,2.606631981440837506e-02,1.600000000000000000e+01
7.460317460317460458e-01,-8.069181768612126993e-01,-8.224905959855142168e-01,1.759904282180292309e-02,1.600000000000000000e+01
7.619047619047618625e-01,-7.518192165562339602e-01,-7.752576338619119323e-01,3.281914172475385721e-02,1.600000000000000000e+01
7.777777777777776791e-01,-6.897899936587860159e-01,-6.846767922908344461e-01,2.553475844191916214e-02,1.600000000000000000e+01
7.936507936507936067e-01,-6.329796784690919775e-01,-6.093724960418565040e-01,2.879015760944066138e-02,1.600000000000000000e+01
8.095238095238095344e-01,-5.855072603963106248e-01,-5.435240546044532994e-01,2.238472002677882600e-02,1.600000000000000000e+01
8.253968253968253510e-01,-5.453476864603145069e-01,-5.503712301991301459e-01,2.447052804389603445e-02,1.600000000000000000e+01
8.412698412698411676e-01,-5.082209013386921326e-01,-5.132060259094658461e-01,2.228201076356544144e-02,1.600000000000000000e+01
8.571428571428570953e-01,-4.704446659162974109e-01,-4.689158354580559296e-01,3.286679194541176213e-02,1.600000000000000000e+01
8.730158730158730229e-01,-4.298945253468227645e-01,-4.137980212848689221e-01,3.533221523931161928e-02,1.600000000000000000e+01
8.888888888888888395e-01,-3.857631277264447212e-01,-3.938097736591000819e-01,2.995489979363821428e-02,1.600000000000000000e+01
9.047619047619046562e-01,-3.380110783585279499e-01,-3.195587369408371958e-01,2.699302283739760805e-02,1.600000000000000000e+01
9.206349206349205838e-01,-2.869558686140732395e-01,-2.734978057621321734e-01,1.930119816519686518e-02,1.600000000000000000e+01
9.365079365079365115e-01,-2.330614310908659392e-01,-2.208935041356027140e-01,2.582409749951363950e-02,1.600000000000000000e+01
9.523809523809523281e-01,-1.768531811028571654e-01,-1.523261325513586839e-01,2.999683676829791729e-02,1.600000000000000000e+01
9.682539682539681447e-01,-1.188876951041451246e-01,-1.053352947423728536e-01,2.600597550424657567e-02,1.600000000000000000e+01
9.841269841269840724e-01,-5.974070891668877004e-02,-5.563426221641304403e-02,2.804313640343875091e-02,1.600000000000000000e+01
1.000000000000000000e+00,-8.709074878000642337e-11,-1.329680129967100851e-03,5.851640626800635320e-02,1.600000000000000000e+01
